"user_id","board_id","role"
"92df4105-4ef5-422a-b829-4ac0782a6ba0","1","3"
"92df4105-4ef5-422a-b829-4ac0782a6ba0","2","3"
"92df4105-4ef5-422a-b829-4ac0782a6ba0","3","3"
"92df4105-4ef5-422a-b829-4ac0782a6ba0","4","3"
"92df4105-4ef5-422a-b829-4ac0782a6ba0","5","3"
"92df4105-4ef5-422a-b829-4ac0782a6ba0","6","3"
"92df4105-4ef5-422a-b829-4ac0782a6ba0","7","3"
"92df4105-4ef5-422a-b829-4ac0782a6ba0","8","3"
"92df4105-4ef5-422a-b829-4ac0782a6ba0","9","3"
"92df4105-4ef5-422a-b829-4ac0782a6ba0","10","3"
"92df4105-4ef5-422a-b829-4ac0782a6ba0","11","3"
"92df4105-4ef5-422a-b829-4ac0782a6ba0","12","3"
"92df4105-4ef5-422a-b829-4ac0782a6ba0","13","3"
"92df4105-4ef5-422a-b829-4ac0782a6ba0","14","3"
"92df4105-4ef5-422a-b829-4ac0782a6ba0","15","3"
"92df4105-4ef5-422a-b829-4ac0782a6ba0","16","3"
"92df4105-4ef5-422a-b829-4ac0782a6ba0","17","3"
"92df4105-4ef5-422a-b829-4ac0782a6ba0","18","3"
"92df4105-4ef5-422a-b829-4ac0782a6ba0","19","3"
"92df4105-4ef5-422a-b829-4ac0782a6ba0","20","3"
"92df4105-4ef5-422a-b829-4ac0782a6ba0","21","3"
"92df4105-4ef5-422a-b829-4ac0782a6ba0","22","3"
"92df4105-4ef5-422a-b829-4ac0782a6ba0","23","3"
"92df4105-4ef5-422a-b829-4ac0782a6ba0","24","3"
"92df4105-4ef5-422a-b829-4ac0782a6ba0","25","3"
"92df4105-4ef5-422a-b829-4ac0782a6ba0","26","3"
"92df4105-4ef5-422a-b829-4ac0782a6ba0","27","3"
"92df4105-4ef5-422a-b829-4ac0782a6ba0","28","3"
"92df4105-4ef5-422a-b829-4ac0782a6ba0","29","3"
"92df4105-4ef5-422a-b829-4ac0782a6ba0","30","3"
"6f3c92b5-701f-4017-a596-97f3dff1f19e","1","3"
"6f3c92b5-701f-4017-a596-97f3dff1f19e","2","3"
"6f3c92b5-701f-4017-a596-97f3dff1f19e","3","3"
"6f3c92b5-701f-4017-a596-97f3dff1f19e","4","3"
"6f3c92b5-701f-4017-a596-97f3dff1f19e","5","3"
"6f3c92b5-701f-4017-a596-97f3dff1f19e","6","3"
"6f3c92b5-701f-4017-a596-97f3dff1f19e","7","3"
"6f3c92b5-701f-4017-a596-97f3dff1f19e","8","3"
"6f3c92b5-701f-4017-a596-97f3dff1f19e","9","3"
"6f3c92b5-701f-4017-a596-97f3dff1f19e","10","3"
"6f3c92b5-701f-4017-a596-97f3dff1f19e","11","3"
"6f3c92b5-701f-4017-a596-97f3dff1f19e","12","3"
"6f3c92b5-701f-4017-a596-97f3dff1f19e","13","3"
"6f3c92b5-701f-4017-a596-97f3dff1f19e","14","3"
"6f3c92b5-701f-4017-a596-97f3dff1f19e","15","3"
"6f3c92b5-701f-4017-a596-97f3dff1f19e","16","3"
"6f3c92b5-701f-4017-a596-97f3dff1f19e","17","3"
"6f3c92b5-701f-4017-a596-97f3dff1f19e","18","3"
"6f3c92b5-701f-4017-a596-97f3dff1f19e","19","3"
"6f3c92b5-701f-4017-a596-97f3dff1f19e","20","3"
"6f3c92b5-701f-4017-a596-97f3dff1f19e","21","3"
"6f3c92b5-701f-4017-a596-97f3dff1f19e","22","3"
"6f3c92b5-701f-4017-a596-97f3dff1f19e","23","3"
"6f3c92b5-701f-4017-a596-97f3dff1f19e","24","3"
"6f3c92b5-701f-4017-a596-97f3dff1f19e","25","3"
"6f3c92b5-701f-4017-a596-97f3dff1f19e","26","3"
"6f3c92b5-701f-4017-a596-97f3dff1f19e","27","3"
"6f3c92b5-701f-4017-a596-97f3dff1f19e","28","3"
"6f3c92b5-701f-4017-a596-97f3dff1f19e","29","3"
"6f3c92b5-701f-4017-a596-97f3dff1f19e","30","3"
"3b2cc455-cb5a-4998-b57d-bf7c96e2b147","1","3"
"3b2cc455-cb5a-4998-b57d-bf7c96e2b147","2","3"
"3b2cc455-cb5a-4998-b57d-bf7c96e2b147","3","3"
"3b2cc455-cb5a-4998-b57d-bf7c96e2b147","4","3"
"3b2cc455-cb5a-4998-b57d-bf7c96e2b147","5","3"
"3b2cc455-cb5a-4998-b57d-bf7c96e2b147","6","3"
"3b2cc455-cb5a-4998-b57d-bf7c96e2b147","7","3"
"3b2cc455-cb5a-4998-b57d-bf7c96e2b147","8","3"
"3b2cc455-cb5a-4998-b57d-bf7c96e2b147","9","3"
"3b2cc455-cb5a-4998-b57d-bf7c96e2b147","10","3"
"3b2cc455-cb5a-4998-b57d-bf7c96e2b147","11","3"
"3b2cc455-cb5a-4998-b57d-bf7c96e2b147","12","3"
"3b2cc455-cb5a-4998-b57d-bf7c96e2b147","13","3"
"3b2cc455-cb5a-4998-b57d-bf7c96e2b147","14","3"
"3b2cc455-cb5a-4998-b57d-bf7c96e2b147","15","3"
"3b2cc455-cb5a-4998-b57d-bf7c96e2b147","16","3"
"3b2cc455-cb5a-4998-b57d-bf7c96e2b147","17","3"
"3b2cc455-cb5a-4998-b57d-bf7c96e2b147","18","3"
"3b2cc455-cb5a-4998-b57d-bf7c96e2b147","19","3"
"3b2cc455-cb5a-4998-b57d-bf7c96e2b147","20","3"
"3b2cc455-cb5a-4998-b57d-bf7c96e2b147","21","3"
"3b2cc455-cb5a-4998-b57d-bf7c96e2b147","22","3"
"3b2cc455-cb5a-4998-b57d-bf7c96e2b147","23","3"
"3b2cc455-cb5a-4998-b57d-bf7c96e2b147","24","3"
"3b2cc455-cb5a-4998-b57d-bf7c96e2b147","25","3"
"3b2cc455-cb5a-4998-b57d-bf7c96e2b147","26","3"
"3b2cc455-cb5a-4998-b57d-bf7c96e2b147","27","3"
"3b2cc455-cb5a-4998-b57d-bf7c96e2b147","28","3"
"3b2cc455-cb5a-4998-b57d-bf7c96e2b147","29","3"
"3b2cc455-cb5a-4998-b57d-bf7c96e2b147","30","3"
"2ff4dd7e-675d-4a2d-b0c4-c9e2ca6381bc","1","3"
"2ff4dd7e-675d-4a2d-b0c4-c9e2ca6381bc","2","3"
"2ff4dd7e-675d-4a2d-b0c4-c9e2ca6381bc","3","3"
"2ff4dd7e-675d-4a2d-b0c4-c9e2ca6381bc","4","3"
"2ff4dd7e-675d-4a2d-b0c4-c9e2ca6381bc","5","3"
"2ff4dd7e-675d-4a2d-b0c4-c9e2ca6381bc","6","3"
"2ff4dd7e-675d-4a2d-b0c4-c9e2ca6381bc","7","3"
"2ff4dd7e-675d-4a2d-b0c4-c9e2ca6381bc","8","3"
"2ff4dd7e-675d-4a2d-b0c4-c9e2ca6381bc","9","3"
"2ff4dd7e-675d-4a2d-b0c4-c9e2ca6381bc","10","3"
"2ff4dd7e-675d-4a2d-b0c4-c9e2ca6381bc","11","3"
"2ff4dd7e-675d-4a2d-b0c4-c9e2ca6381bc","12","3"
"2ff4dd7e-675d-4a2d-b0c4-c9e2ca6381bc","13","3"
"2ff4dd7e-675d-4a2d-b0c4-c9e2ca6381bc","14","3"
"2ff4dd7e-675d-4a2d-b0c4-c9e2ca6381bc","15","3"
"2ff4dd7e-675d-4a2d-b0c4-c9e2ca6381bc","16","3"
"2ff4dd7e-675d-4a2d-b0c4-c9e2ca6381bc","17","3"
"2ff4dd7e-675d-4a2d-b0c4-c9e2ca6381bc","18","3"
"2ff4dd7e-675d-4a2d-b0c4-c9e2ca6381bc","19","3"
"2ff4dd7e-675d-4a2d-b0c4-c9e2ca6381bc","20","3"
"2ff4dd7e-675d-4a2d-b0c4-c9e2ca6381bc","21","3"
"2ff4dd7e-675d-4a2d-b0c4-c9e2ca6381bc","22","3"
"2ff4dd7e-675d-4a2d-b0c4-c9e2ca6381bc","23","3"
"2ff4dd7e-675d-4a2d-b0c4-c9e2ca6381bc","24","3"
"2ff4dd7e-675d-4a2d-b0c4-c9e2ca6381bc","25","3"
"2ff4dd7e-675d-4a2d-b0c4-c9e2ca6381bc","26","3"
"2ff4dd7e-675d-4a2d-b0c4-c9e2ca6381bc","27","3"
"2ff4dd7e-675d-4a2d-b0c4-c9e2ca6381bc","28","3"
"2ff4dd7e-675d-4a2d-b0c4-c9e2ca6381bc","29","3"
"2ff4dd7e-675d-4a2d-b0c4-c9e2ca6381bc","30","3"
"1a847942-50e1-4229-bfb4-8f1737a3347e","1","1"
"1a847942-50e1-4229-bfb4-8f1737a3347e","2","1"
"1a847942-50e1-4229-bfb4-8f1737a3347e","3","1"
"1a847942-50e1-4229-bfb4-8f1737a3347e","4","1"
"1a847942-50e1-4229-bfb4-8f1737a3347e","5","1"
"1a847942-50e1-4229-bfb4-8f1737a3347e","6","1"
"1a847942-50e1-4229-bfb4-8f1737a3347e","7","1"
"1a847942-50e1-4229-bfb4-8f1737a3347e","8","1"
"1a847942-50e1-4229-bfb4-8f1737a3347e","9","1"
"1a847942-50e1-4229-bfb4-8f1737a3347e","10","1"
"1a847942-50e1-4229-bfb4-8f1737a3347e","11","1"
"1a847942-50e1-4229-bfb4-8f1737a3347e","12","1"
"1a847942-50e1-4229-bfb4-8f1737a3347e","13","1"
"1a847942-50e1-4229-bfb4-8f1737a3347e","14","1"
"1a847942-50e1-4229-bfb4-8f1737a3347e","15","1"
"1a847942-50e1-4229-bfb4-8f1737a3347e","16","3"
"1a847942-50e1-4229-bfb4-8f1737a3347e","17","2"
"1a847942-50e1-4229-bfb4-8f1737a3347e","18","2"
"1a847942-50e1-4229-bfb4-8f1737a3347e","19","2"
"1a847942-50e1-4229-bfb4-8f1737a3347e","20","2"
"1a847942-50e1-4229-bfb4-8f1737a3347e","21","2"
"1a847942-50e1-4229-bfb4-8f1737a3347e","22","2"
"1a847942-50e1-4229-bfb4-8f1737a3347e","23","3"
"1a847942-50e1-4229-bfb4-8f1737a3347e","24","3"
"1a847942-50e1-4229-bfb4-8f1737a3347e","25","3"
"1a847942-50e1-4229-bfb4-8f1737a3347e","26","3"
"1a847942-50e1-4229-bfb4-8f1737a3347e","27","3"
"1a847942-50e1-4229-bfb4-8f1737a3347e","28","3"
"1a847942-50e1-4229-bfb4-8f1737a3347e","29","3"
"1a847942-50e1-4229-bfb4-8f1737a3347e","30","3"
"82eac3a0-5978-4259-8638-dff638707c00","1","3"
"82eac3a0-5978-4259-8638-dff638707c00","2","3"
"82eac3a0-5978-4259-8638-dff638707c00","3","3"
"82eac3a0-5978-4259-8638-dff638707c00","4","3"
"82eac3a0-5978-4259-8638-dff638707c00","5","3"
"82eac3a0-5978-4259-8638-dff638707c00","6","3"
"82eac3a0-5978-4259-8638-dff638707c00","7","3"
"82eac3a0-5978-4259-8638-dff638707c00","8","3"
"82eac3a0-5978-4259-8638-dff638707c00","9","3"
"82eac3a0-5978-4259-8638-dff638707c00","10","3"
"82eac3a0-5978-4259-8638-dff638707c00","11","3"
"82eac3a0-5978-4259-8638-dff638707c00","12","3"
"82eac3a0-5978-4259-8638-dff638707c00","13","3"
"82eac3a0-5978-4259-8638-dff638707c00","14","3"
"82eac3a0-5978-4259-8638-dff638707c00","15","3"
"82eac3a0-5978-4259-8638-dff638707c00","16","1"
"82eac3a0-5978-4259-8638-dff638707c00","17","1"
"82eac3a0-5978-4259-8638-dff638707c00","18","1"
"82eac3a0-5978-4259-8638-dff638707c00","19","1"
"82eac3a0-5978-4259-8638-dff638707c00","20","1"
"82eac3a0-5978-4259-8638-dff638707c00","21","1"
"82eac3a0-5978-4259-8638-dff638707c00","22","1"
"82eac3a0-5978-4259-8638-dff638707c00","23","1"
"82eac3a0-5978-4259-8638-dff638707c00","24","1"
"82eac3a0-5978-4259-8638-dff638707c00","25","1"
"82eac3a0-5978-4259-8638-dff638707c00","26","1"
"82eac3a0-5978-4259-8638-dff638707c00","27","1"
"82eac3a0-5978-4259-8638-dff638707c00","28","1"
"82eac3a0-5978-4259-8638-dff638707c00","29","1"
"82eac3a0-5978-4259-8638-dff638707c00","30","1"

